ref_img_name,dis_img_name,quality_score,jnd_mapped
1600.png,1600.AWGN.1.png,0.9546800255775452,0.6797996163368225
1600.png,1600.AWGN.2.png,0.8875923752784729,1.6861143708229065
1600.png,1600.AWGN.3.png,0.7927448749542236,3.1088268756866455
1600.png,1600.AWGN.4.png,0.6965487599372864,4.551768600940704
1600.png,1600.AWGN.5.png,0.6027106046676636,5.959340929985046
1600.png,1600.BLUR.1.png,0.9891939759254456,0.16209036111831665
1600.png,1600.BLUR.2.png,0.960024356842041,0.5996346473693848
1600.png,1600.BLUR.3.png,0.876435399055481,1.8534690141677856
1600.png,1600.BLUR.4.png,0.6200488805770874,5.699266791343689
1600.png,1600.BLUR.5.png,0.26334166526794434,11.049875020980835
1600.png,1600.JPEG.1.png,0.977167010307312,0.3424948453903198
1600.png,1600.JPEG.2.png,0.9123063683509827,1.31540447473526
1600.png,1600.JPEG.3.png,0.7271589040756226,4.092616438865662
1600.png,1600.JPEG.4.png,0.4745333194732666,7.882000207901001
1600.png,1600.JPEG.5.png,0.2881113886833191,10.678329169750214
1600.png,1600.contrast.1.png,0.9945281147956848,0.08207827806472778
1600.png,1600.contrast.2.png,0.976591169834137,0.35113245248794556
1600.png,1600.contrast.3.png,0.9288762807846069,1.066855788230896
1600.png,1600.contrast.4.png,0.9050576090812683,1.4241358637809753
1600.png,1600.contrast.5.png,0.9050576090812683,1.4241358637809753
1600.png,1600.fnoise.1.png,0.8831738829612732,1.752391755580902
1600.png,1600.fnoise.2.png,0.791773796081543,3.1233930587768555
1600.png,1600.fnoise.3.png,0.6707426309585571,4.938860535621643
1600.png,1600.fnoise.4.png,0.5535491704940796,6.696762442588806
1600.png,1600.fnoise.5.png,0.41808393597602844,8.728740960359573
1600.png,1600.jpeg2000.1.png,0.9204666614532471,1.193000078201294
1600.png,1600.jpeg2000.2.png,0.8164327144622803,2.753509283065796
1600.png,1600.jpeg2000.3.png,0.6380594372749329,5.429108440876007
1600.png,1600.jpeg2000.4.png,0.404571533203125,8.931427001953125
1600.png,1600.jpeg2000.5.png,0.19619309902191162,12.057103514671326
aerial_city.png,aerial_city.AWGN.1.png,0.957960844039917,0.6305873394012451
aerial_city.png,aerial_city.AWGN.2.png,0.8788669109344482,1.8169963359832764
aerial_city.png,aerial_city.AWGN.3.png,0.7657754421234131,3.5133683681488037
aerial_city.png,aerial_city.AWGN.4.png,0.639137864112854,5.41293203830719
aerial_city.png,aerial_city.AWGN.5.png,0.5347540378570557,6.978689432144165
aerial_city.png,aerial_city.BLUR.1.png,0.9827331304550171,0.25900304317474365
aerial_city.png,aerial_city.BLUR.2.png,0.9432893991470337,0.8506590127944946
aerial_city.png,aerial_city.BLUR.3.png,0.8385621309280396,2.4215680360794067
aerial_city.png,aerial_city.BLUR.4.png,0.5653975009918213,6.519037485122681
aerial_city.png,aerial_city.BLUR.5.png,0.20664699375629425,11.900295093655586
aerial_city.png,aerial_city.JPEG.1.png,0.9436073303222656,0.8458900451660156
aerial_city.png,aerial_city.JPEG.2.png,0.8141129612922668,2.7883055806159973
aerial_city.png,aerial_city.JPEG.3.png,0.5489819645881653,6.765270531177521
aerial_city.png,aerial_city.JPEG.4.png,0.3696231544017792,9.455652683973312
aerial_city.png,aerial_city.JPEG.5.png,0.25224366784095764,11.216344982385635
aerial_city.png,aerial_city.contrast.1.png,0.9938680529594421,0.09197920560836792
aerial_city.png,aerial_city.contrast.2.png,0.9626947641372681,0.559578537940979
aerial_city.png,aerial_city.contrast.3.png,0.8548815846443176,2.1767762303352356
aerial_city.png,aerial_city.contrast.4.png,0.7874253988265991,3.188619017601013
aerial_city.png,aerial_city.contrast.5.png,0.7874253988265991,3.188619017601013
aerial_city.png,aerial_city.fnoise.1.png,0.8298859596252441,2.551710605621338
aerial_city.png,aerial_city.fnoise.2.png,0.6712121963500977,4.931817054748535
aerial_city.png,aerial_city.fnoise.3.png,0.5249637961387634,7.125543057918549
aerial_city.png,aerial_city.fnoise.4.png,0.42107588052749634,8.683861792087555
aerial_city.png,aerial_city.fnoise.5.png,0.324838787317276,10.12741819024086
aerial_city.png,aerial_city.jpeg2000.1.png,0.8713698387145996,1.9294524192810059
aerial_city.png,aerial_city.jpeg2000.2.png,0.6547815203666687,5.1782771944999695
aerial_city.png,aerial_city.jpeg2000.3.png,0.41443967819213867,8.78340482711792
aerial_city.png,aerial_city.jpeg2000.4.png,0.25824639201164246,11.126304119825363
aerial_city.png,aerial_city.jpeg2000.5.png,0.16809378564357758,12.478593215346336
boston.png,boston.AWGN.1.png,0.9700065851211548,0.4499012231826782
boston.png,boston.AWGN.2.png,0.9088020920753479,1.3679686188697815
boston.png,boston.AWGN.3.png,0.8120303153991699,2.819545269012451
boston.png,boston.AWGN.4.png,0.7050384283065796,4.424423575401306
boston.png,boston.AWGN.5.png,0.593745231628418,6.0938215255737305
boston.png,boston.BLUR.1.png,0.9849364161491394,0.22595375776290894
boston.png,boston.BLUR.2.png,0.9481675624847412,0.7774865627288818
boston.png,boston.BLUR.3.png,0.8281258940696716,2.5781115889549255
boston.png,boston.BLUR.4.png,0.5306155681610107,7.040766477584839
boston.png,boston.BLUR.5.png,0.1386554092168808,12.920168861746788
boston.png,boston.JPEG.1.png,0.9541963338851929,0.6870549917221069
boston.png,boston.JPEG.2.png,0.8445563912391663,2.331654131412506
boston.png,boston.JPEG.3.png,0.5501357913017273,6.747963130474091
boston.png,boston.JPEG.4.png,0.2879171073436737,10.681243389844894
boston.png,boston.JPEG.5.png,0.19542890787124634,12.068566381931305
boston.png,boston.contrast.1.png,0.9931854009628296,0.10221898555755615
boston.png,boston.contrast.2.png,0.9603132009506226,0.5953019857406616
boston.png,boston.contrast.3.png,0.7836249470710754,3.2456257939338684
boston.png,boston.contrast.4.png,0.5712320804595947,6.431518793106079
boston.png,boston.contrast.5.png,0.5712320804595947,6.431518793106079
boston.png,boston.fnoise.1.png,0.883991003036499,1.7401349544525146
boston.png,boston.fnoise.2.png,0.7474150061607361,3.7887749075889587
boston.png,boston.fnoise.3.png,0.6071460247039795,5.892809629440308
boston.png,boston.fnoise.4.png,0.4918253421783447,7.622619867324829
boston.png,boston.fnoise.5.png,0.4041372537612915,8.937941193580627
boston.png,boston.jpeg2000.1.png,0.9100970029830933,1.348544955253601
boston.png,boston.jpeg2000.2.png,0.7107512354850769,4.338731467723846
boston.png,boston.jpeg2000.3.png,0.4811190664768219,7.7832140028476715
boston.png,boston.jpeg2000.4.png,0.2591671347618103,11.112492978572845
boston.png,boston.jpeg2000.5.png,0.1165166050195694,13.252250924706459
bridge.png,bridge.AWGN.1.png,0.9338852763175964,0.9917208552360535
bridge.png,bridge.AWGN.2.png,0.8438172340393066,2.3427414894104004
bridge.png,bridge.AWGN.3.png,0.7387481331825256,3.9187780022621155
bridge.png,bridge.AWGN.4.png,0.6321093440055847,5.518359839916229
bridge.png,bridge.AWGN.5.png,0.5343114733695984,6.985327899456024
bridge.png,bridge.BLUR.1.png,0.9876856207847595,0.18471568822860718
bridge.png,bridge.BLUR.2.png,0.9527479410171509,0.7087808847427368
bridge.png,bridge.BLUR.3.png,0.835120677947998,2.4731898307800293
bridge.png,bridge.BLUR.4.png,0.5722358226776123,6.416462659835815
bridge.png,bridge.BLUR.5.png,0.26991036534309387,10.951344519853592
bridge.png,bridge.JPEG.1.png,0.9559423923492432,0.6608641147613525
bridge.png,bridge.JPEG.2.png,0.7963381409645081,3.054927885532379
bridge.png,bridge.JPEG.3.png,0.5572563409805298,6.641154885292053
bridge.png,bridge.JPEG.4.png,0.31292062997817993,10.306190550327301
bridge.png,bridge.JPEG.5.png,0.26107677817344666,11.0838483273983
bridge.png,bridge.contrast.1.png,0.9950480461120605,0.0742793083190918
bridge.png,bridge.contrast.2.png,0.9805033206939697,0.2924501895904541
bridge.png,bridge.contrast.3.png,0.9481188058853149,0.7782179117202759
bridge.png,bridge.contrast.4.png,0.9227421879768372,1.1588671803474426
bridge.png,bridge.contrast.5.png,0.9227421879768372,1.1588671803474426
bridge.png,bridge.fnoise.1.png,0.8457018733024597,2.3144719004631042
bridge.png,bridge.fnoise.2.png,0.7077174186706543,4.3842387199401855
bridge.png,bridge.fnoise.3.png,0.5835721492767334,6.246417760848999
bridge.png,bridge.fnoise.4.png,0.46334561705589294,8.049815744161606
bridge.png,bridge.fnoise.5.png,0.38236409425735474,9.264538586139679
bridge.png,bridge.jpeg2000.1.png,0.8282122611999512,2.5768160820007324
bridge.png,bridge.jpeg2000.2.png,0.6488698720932007,5.26695191860199
bridge.png,bridge.jpeg2000.3.png,0.4963447153568268,7.554829269647598
bridge.png,bridge.jpeg2000.4.png,0.3148126006126404,10.277810990810394
bridge.png,bridge.jpeg2000.5.png,0.18785667419433594,12.182149887084961
butter_flower.png,butter_flower.AWGN.1.png,0.8400999307632446,2.3985010385513306
butter_flower.png,butter_flower.AWGN.2.png,0.7226122617721558,4.160816073417664
butter_flower.png,butter_flower.AWGN.3.png,0.6096552610397339,5.855171084403992
butter_flower.png,butter_flower.AWGN.4.png,0.5120035409927368,7.319946885108948
butter_flower.png,butter_flower.AWGN.5.png,0.43152159452438354,8.527176082134247
butter_flower.png,butter_flower.BLUR.1.png,0.9662255048751831,0.5066174268722534
butter_flower.png,butter_flower.BLUR.2.png,0.8771819472312927,1.8422707915306091
butter_flower.png,butter_flower.BLUR.3.png,0.6484646201133728,5.273030698299408
butter_flower.png,butter_flower.BLUR.4.png,0.366519570350647,9.502206444740295
butter_flower.png,butter_flower.BLUR.5.png,0.2413594126701355,11.379608809947968
butter_flower.png,butter_flower.JPEG.1.png,0.9792928695678711,0.3106069564819336
butter_flower.png,butter_flower.JPEG.2.png,0.8088325262069702,2.8675121068954468
butter_flower.png,butter_flower.JPEG.3.png,0.529289722442627,7.060654163360596
butter_flower.png,butter_flower.JPEG.4.png,0.3703754246234894,9.44436863064766
butter_flower.png,butter_flower.JPEG.5.png,0.28305554389953613,10.754166841506958
butter_flower.png,butter_flower.contrast.1.png,0.9889499545097351,0.1657506823539734
butter_flower.png,butter_flower.contrast.2.png,0.9483375549316406,0.7749366760253906
butter_flower.png,butter_flower.contrast.3.png,0.7526925206184387,3.709612190723419
butter_flower.png,butter_flower.contrast.4.png,0.5749871134757996,6.375193297863007
butter_flower.png,butter_flower.contrast.5.png,0.5749871134757996,6.375193297863007
butter_flower.png,butter_flower.fnoise.1.png,0.784162163734436,3.2375675439834595
butter_flower.png,butter_flower.fnoise.2.png,0.6417288780212402,5.3740668296813965
butter_flower.png,butter_flower.fnoise.3.png,0.5312197208404541,7.0317041873931885
butter_flower.png,butter_flower.fnoise.4.png,0.41836780309677124,8.724482953548431
butter_flower.png,butter_flower.fnoise.5.png,0.3290501832962036,10.064247250556946
butter_flower.png,butter_flower.jpeg2000.1.png,0.763342022895813,3.549869656562805
butter_flower.png,butter_flower.jpeg2000.2.png,0.5797266960144043,6.3040995597839355
butter_flower.png,butter_flower.jpeg2000.3.png,0.428455650806427,8.573165237903595
butter_flower.png,butter_flower.jpeg2000.4.png,0.282612144947052,10.76081782579422
butter_flower.png,butter_flower.jpeg2000.5.png,0.203806072473526,11.94290891289711
cactus.png,cactus.AWGN.1.png,0.9593727588653564,0.6094086170196533
cactus.png,cactus.AWGN.2.png,0.8972660899162292,1.5410086512565613
cactus.png,cactus.AWGN.3.png,0.8124293088912964,2.813560366630554
cactus.png,cactus.AWGN.4.png,0.73405921459198,3.9891117811203003
cactus.png,cactus.AWGN.5.png,0.6593580842018127,5.109628736972809
cactus.png,cactus.BLUR.1.png,0.9910790920257568,0.13381361961364746
cactus.png,cactus.BLUR.2.png,0.9635084867477417,0.5473726987838745
cactus.png,cactus.BLUR.3.png,0.8852677941322327,1.72098308801651
cactus.png,cactus.BLUR.4.png,0.6508480906486511,5.237278640270233
cactus.png,cactus.BLUR.5.png,0.4135001301765442,8.797498047351837
cactus.png,cactus.JPEG.1.png,0.9650865793228149,0.5237013101577759
cactus.png,cactus.JPEG.2.png,0.7725837826728821,3.411243259906769
cactus.png,cactus.JPEG.3.png,0.6460931301116943,5.308603048324585
cactus.png,cactus.JPEG.4.png,0.46603330969810486,8.009500354528427
cactus.png,cactus.JPEG.5.png,0.32569602131843567,10.114559680223465
cactus.png,cactus.contrast.1.png,0.9888890981674194,0.1666635274887085
cactus.png,cactus.contrast.2.png,0.960024356842041,0.5996346473693848
cactus.png,cactus.contrast.3.png,0.8484878540039062,2.2726821899414062
cactus.png,cactus.contrast.4.png,0.7817065715789795,3.2744014263153076
cactus.png,cactus.contrast.5.png,0.7817065715789795,3.2744014263153076
cactus.png,cactus.fnoise.1.png,0.8356025218963623,2.4659621715545654
cactus.png,cactus.fnoise.2.png,0.7222128510475159,4.166807234287262
cactus.png,cactus.fnoise.3.png,0.6090806722640991,5.863789916038513
cactus.png,cactus.fnoise.4.png,0.529848575592041,7.052271366119385
cactus.png,cactus.fnoise.5.png,0.4398820698261261,8.401768952608109
cactus.png,cactus.jpeg2000.1.png,0.8106648921966553,2.840026617050171
cactus.png,cactus.jpeg2000.2.png,0.7121966481208801,4.317050278186798
cactus.png,cactus.jpeg2000.3.png,0.574611246585846,6.380831301212311
cactus.png,cactus.jpeg2000.4.png,0.3915967047214508,9.126049429178238
cactus.png,cactus.jpeg2000.5.png,0.2839308977127075,10.741036534309387
child_swimming.png,child_swimming.AWGN.1.png,0.986177384853363,0.20733922719955444
child_swimming.png,child_swimming.AWGN.2.png,0.9500160813331604,0.749758780002594
child_swimming.png,child_swimming.AWGN.3.png,0.8814682364463806,1.7779764533042908
child_swimming.png,child_swimming.AWGN.4.png,0.7874935865402222,3.1875962018966675
child_swimming.png,child_swimming.AWGN.5.png,0.6825993061065674,4.761010408401489
child_swimming.png,child_swimming.BLUR.1.png,0.9924439787864685,0.11334031820297241
child_swimming.png,child_swimming.BLUR.2.png,0.9718563556671143,0.42215466499328613
child_swimming.png,child_swimming.BLUR.3.png,0.9060574173927307,1.4091387391090393
child_swimming.png,child_swimming.BLUR.4.png,0.7227250337600708,4.159124493598938
child_swimming.png,child_swimming.BLUR.5.png,0.2500765919685364,11.248851120471954
child_swimming.png,child_swimming.JPEG.1.png,0.984265923500061,0.23601114749908447
child_swimming.png,child_swimming.JPEG.2.png,0.9410253763198853,0.8846193552017212
child_swimming.png,child_swimming.JPEG.3.png,0.8096681833267212,2.854977250099182
child_swimming.png,child_swimming.JPEG.4.png,0.5404247641563416,6.893628537654877
child_swimming.png,child_swimming.JPEG.5.png,0.3661004900932312,9.508492648601532
child_swimming.png,child_swimming.contrast.1.png,0.9924247860908508,0.11362820863723755
child_swimming.png,child_swimming.contrast.2.png,0.9644399285316467,0.5334010720252991
child_swimming.png,child_swimming.contrast.3.png,0.8766909837722778,1.8496352434158325
child_swimming.png,child_swimming.contrast.4.png,0.7890434861183167,3.1643477082252502
child_swimming.png,child_swimming.contrast.5.png,0.7890434861183167,3.1643477082252502
child_swimming.png,child_swimming.fnoise.1.png,0.9625622630119324,0.5615660548210144
child_swimming.png,child_swimming.fnoise.2.png,0.880248486995697,1.7962726950645447
child_swimming.png,child_swimming.fnoise.3.png,0.7550178170204163,3.674732744693756
child_swimming.png,child_swimming.fnoise.4.png,0.5909568071365356,6.135647892951965
child_swimming.png,child_swimming.fnoise.5.png,0.4812500774860382,7.781248837709427
child_swimming.png,child_swimming.jpeg2000.1.png,0.9795213937759399,0.3071790933609009
child_swimming.png,child_swimming.jpeg2000.2.png,0.8727624416351318,1.9085633754730225
child_swimming.png,child_swimming.jpeg2000.3.png,0.689908504486084,4.65137243270874
child_swimming.png,child_swimming.jpeg2000.4.png,0.47177639603614807,7.923354059457779
child_swimming.png,child_swimming.jpeg2000.5.png,0.23199594020843506,11.520060896873474
couple.png,couple.AWGN.1.png,0.9814788103103638,0.27781784534454346
couple.png,couple.AWGN.2.png,0.9318298697471619,1.022551953792572
couple.png,couple.AWGN.3.png,0.8473162651062012,2.2902560234069824
couple.png,couple.AWGN.4.png,0.7433022856712341,3.850465714931488
couple.png,couple.AWGN.5.png,0.6332508325576782,5.501237511634827
couple.png,couple.BLUR.1.png,0.9809239506721497,0.2861407399177551
couple.png,couple.BLUR.2.png,0.927115261554718,1.0932710766792297
couple.png,couple.BLUR.3.png,0.7586141228675842,3.6207881569862366
couple.png,couple.BLUR.4.png,0.507427453994751,7.388588190078735
couple.png,couple.BLUR.5.png,0.3324141204357147,10.01378819346428
couple.png,couple.JPEG.1.png,0.9827417135238647,0.2588742971420288
couple.png,couple.JPEG.2.png,0.9150165319442749,1.2747520208358765
couple.png,couple.JPEG.3.png,0.7028493285179138,4.457260072231293
couple.png,couple.JPEG.4.png,0.40640169382095337,8.9039745926857
couple.png,couple.JPEG.5.png,0.31443989276885986,10.283401608467102
couple.png,couple.contrast.1.png,0.9958914518356323,0.06162822246551514
couple.png,couple.contrast.2.png,0.9789040088653564,0.3164398670196533
couple.png,couple.contrast.3.png,0.9383653402328491,0.9245198965072632
couple.png,couple.contrast.4.png,0.9222617745399475,1.1660733819007874
couple.png,couple.contrast.5.png,0.9222617745399475,1.1660733819007874
couple.png,couple.fnoise.1.png,0.9659450054168701,0.5108249187469482
couple.png,couple.fnoise.2.png,0.9010992050170898,1.4835119247436523
couple.png,couple.fnoise.3.png,0.7807875871658325,3.288186192512512
couple.png,couple.fnoise.4.png,0.6521798372268677,5.217302441596985
couple.png,couple.fnoise.5.png,0.5209468007087708,7.185797989368439
couple.png,couple.jpeg2000.1.png,0.9671040773391724,0.49343883991241455
couple.png,couple.jpeg2000.2.png,0.8211522102355957,2.6827168464660645
couple.png,couple.jpeg2000.3.png,0.6329107284545898,5.506339073181152
couple.png,couple.jpeg2000.4.png,0.41353505849838257,8.796974122524261
couple.png,couple.jpeg2000.5.png,0.2432822287082672,11.350766569375992
elk.png,elk.AWGN.1.png,0.984058141708374,0.23912787437438965
elk.png,elk.AWGN.2.png,0.9493902325630188,0.759146511554718
elk.png,elk.AWGN.3.png,0.8717198371887207,1.9242024421691895
elk.png,elk.AWGN.4.png,0.7782511115074158,3.3262333273887634
elk.png,elk.AWGN.5.png,0.6568675637245178,5.146986544132233
elk.png,elk.BLUR.1.png,0.9852157831192017,0.2217632532119751
elk.png,elk.BLUR.2.png,0.9397018551826477,0.9044721722602844
elk.png,elk.BLUR.3.png,0.8015090227127075,2.977364659309387
elk.png,elk.BLUR.4.png,0.5385088920593262,6.922366619110107
elk.png,elk.BLUR.5.png,0.27644824981689453,10.853276252746582
elk.png,elk.JPEG.1.png,0.9855712652206421,0.21643102169036865
elk.png,elk.JPEG.2.png,0.8887125849723816,1.6693112254142761
elk.png,elk.JPEG.3.png,0.6524262428283691,5.213606357574463
elk.png,elk.JPEG.4.png,0.3788945972919464,9.316581040620804
elk.png,elk.JPEG.5.png,0.29921233654022217,10.511814951896667
elk.png,elk.contrast.1.png,0.9921979308128357,0.1170310378074646
elk.png,elk.contrast.2.png,0.9690048694610596,0.46492695808410645
elk.png,elk.contrast.3.png,0.8906921148300171,1.6396182775497437
elk.png,elk.contrast.4.png,0.10857518017292023,13.371372297406197
elk.png,elk.contrast.5.png,0.10857518017292023,13.371372297406197
elk.png,elk.fnoise.1.png,0.9525467157363892,0.7117992639541626
elk.png,elk.fnoise.2.png,0.8682041168212891,1.976938247680664
elk.png,elk.fnoise.3.png,0.7403461933135986,3.8948071002960205
elk.png,elk.fnoise.4.png,0.6213524341583252,5.679713487625122
elk.png,elk.fnoise.5.png,0.5077267289161682,7.384099066257477
elk.png,elk.jpeg2000.1.png,0.973131537437439,0.4030269384384155
elk.png,elk.jpeg2000.2.png,0.8236605525016785,2.645091712474823
elk.png,elk.jpeg2000.3.png,0.5740793943405151,6.388809084892273
elk.png,elk.jpeg2000.4.png,0.34035542607307434,9.894668608903885
elk.png,elk.jpeg2000.5.png,0.18892182409763336,12.1661726385355
family.png,family.AWGN.1.png,0.9118598699569702,1.3221019506454468
family.png,family.AWGN.2.png,0.7997031211853027,3.004453182220459
family.png,family.AWGN.3.png,0.6700742840766907,4.94888573884964
family.png,family.AWGN.4.png,0.5712240934371948,6.431638598442078
family.png,family.AWGN.5.png,0.4963316023349762,7.555025964975357
family.png,family.BLUR.1.png,0.9681274890899658,0.4780876636505127
family.png,family.BLUR.2.png,0.8721173405647278,1.9182398915290833
family.png,family.BLUR.3.png,0.6410096883773804,5.384854674339294
family.png,family.BLUR.4.png,0.37999632954597473,9.300055056810379
family.png,family.BLUR.5.png,0.22159790992736816,11.676031351089478
family.png,family.JPEG.1.png,0.9674949049949646,0.487576425075531
family.png,family.JPEG.2.png,0.741180419921875,3.882293701171875
family.png,family.JPEG.3.png,0.40521132946014404,8.92183005809784
family.png,family.JPEG.4.png,0.33810728788375854,9.928390681743622
family.png,family.JPEG.5.png,0.2611449360847473,11.08282595872879
family.png,family.contrast.1.png,0.9936133623123169,0.09579956531524658
family.png,family.contrast.2.png,0.977019727230072,0.3447040915489197
family.png,family.contrast.3.png,0.9107570648193359,1.338644027709961
family.png,family.contrast.4.png,0.8395875692367554,2.4061864614486694
family.png,family.contrast.5.png,0.8395875692367554,2.4061864614486694
family.png,family.fnoise.1.png,0.7838852405548096,3.2417213916778564
family.png,family.fnoise.2.png,0.6184189319610596,5.7237160205841064
family.png,family.fnoise.3.png,0.49224013090133667,7.61639803647995
family.png,family.fnoise.4.png,0.3776690661907196,9.334964007139206
family.png,family.fnoise.5.png,0.3007066249847412,10.489400625228882
family.png,family.jpeg2000.1.png,0.7626904249191284,3.5596436262130737
family.png,family.jpeg2000.2.png,0.5289849638938904,7.065225541591644
family.png,family.jpeg2000.3.png,0.3486042618751526,9.770936071872711
family.png,family.jpeg2000.4.png,0.24464735388755798,11.33028969168663
family.png,family.jpeg2000.5.png,0.16161447763442993,12.575782835483551
fisher.png,fisher.AWGN.1.png,0.9508894085884094,0.7366588711738586
fisher.png,fisher.AWGN.2.png,0.8504455089569092,2.2433173656463623
fisher.png,fisher.AWGN.3.png,0.7189003229141235,4.216495156288147
fisher.png,fisher.AWGN.4.png,0.610335111618042,5.84497332572937
fisher.png,fisher.AWGN.5.png,0.5204796195030212,7.192805707454681
fisher.png,fisher.BLUR.1.png,0.939965009689331,0.9005248546600342
fisher.png,fisher.BLUR.2.png,0.7880709171295166,3.178936243057251
fisher.png,fisher.BLUR.3.png,0.5039195418357849,7.441206872463226
fisher.png,fisher.BLUR.4.png,0.303524911403656,10.44712632894516
fisher.png,fisher.BLUR.5.png,0.22019672393798828,11.697049140930176
fisher.png,fisher.JPEG.1.png,0.9428915977478027,0.856626033782959
fisher.png,fisher.JPEG.2.png,0.6462627649307251,5.3060585260391235
fisher.png,fisher.JPEG.3.png,0.4251399636268616,8.622900545597076
fisher.png,fisher.JPEG.4.png,0.28798872232437134,10.68016916513443
fisher.png,fisher.JPEG.5.png,0.26493334770202637,11.025999784469604
fisher.png,fisher.contrast.1.png,0.9926335215568542,0.11049717664718628
fisher.png,fisher.contrast.2.png,0.9684895873069763,0.4726561903953552
fisher.png,fisher.contrast.3.png,0.8738571405410767,1.89214289188385
fisher.png,fisher.contrast.4.png,0.7978781461715698,3.0318278074264526
fisher.png,fisher.contrast.5.png,0.7978781461715698,3.0318278074264526
fisher.png,fisher.fnoise.1.png,0.8586361408233643,2.120457887649536
fisher.png,fisher.fnoise.2.png,0.6872527003288269,4.691209495067596
fisher.png,fisher.fnoise.3.png,0.5380338430404663,6.929492354393005
fisher.png,fisher.fnoise.4.png,0.4184305667877197,8.723541498184204
fisher.png,fisher.fnoise.5.png,0.34821605682373047,9.776759147644043
fisher.png,fisher.jpeg2000.1.png,0.77147376537323,3.4278935194015503
fisher.png,fisher.jpeg2000.2.png,0.5456453561782837,6.815319657325745
fisher.png,fisher.jpeg2000.3.png,0.36270368099212646,9.559444785118103
fisher.png,fisher.jpeg2000.4.png,0.22530409693717957,11.620438545942307
fisher.png,fisher.jpeg2000.5.png,0.17645198106765747,12.353220283985138
foxy.png,foxy.AWGN.1.png,0.983839750289917,0.24240374565124512
foxy.png,foxy.AWGN.2.png,0.9505220055580139,0.7421699166297913
foxy.png,foxy.AWGN.3.png,0.8892925977706909,1.6606110334396362
foxy.png,foxy.AWGN.4.png,0.8089760541915894,2.8653591871261597
foxy.png,foxy.AWGN.5.png,0.6936211585998535,4.595682621002197
foxy.png,foxy.BLUR.1.png,0.9957005977630615,0.06449103355407715
foxy.png,foxy.BLUR.2.png,0.9845708012580872,0.23143798112869263
foxy.png,foxy.BLUR.3.png,0.9507918953895569,0.7381215691566467
foxy.png,foxy.BLUR.4.png,0.8737550973892212,1.8936735391616821
foxy.png,foxy.BLUR.5.png,0.686231255531311,4.7065311670303345
foxy.png,foxy.JPEG.1.png,0.9848111867904663,0.22783219814300537
foxy.png,foxy.JPEG.2.png,0.9618969559669495,0.5715456604957581
foxy.png,foxy.JPEG.3.png,0.8668310046195984,1.9975349307060242
foxy.png,foxy.JPEG.4.png,0.6811667680740356,4.782498478889465
foxy.png,foxy.JPEG.5.png,0.42983871698379517,8.552419245243073
foxy.png,foxy.contrast.1.png,0.9944916367530823,0.08262544870376587
foxy.png,foxy.contrast.2.png,0.9727975130081177,0.40803730487823486
foxy.png,foxy.contrast.3.png,0.9177184104919434,1.2342238426208496
foxy.png,foxy.contrast.4.png,0.7932490110397339,3.1012648344039917
foxy.png,foxy.contrast.5.png,0.7932490110397339,3.1012648344039917
foxy.png,foxy.fnoise.1.png,0.9631102681159973,0.5533459782600403
foxy.png,foxy.fnoise.2.png,0.8956511616706848,1.5652325749397278
foxy.png,foxy.fnoise.3.png,0.7924050092697144,3.1139248609542847
foxy.png,foxy.fnoise.4.png,0.665536105632782,5.01695841550827
foxy.png,foxy.fnoise.5.png,0.5344185829162598,6.9837212562561035
foxy.png,foxy.jpeg2000.1.png,0.9829980134963989,0.2550297975540161
foxy.png,foxy.jpeg2000.2.png,0.9079333543777466,1.3809996843338013
foxy.png,foxy.jpeg2000.3.png,0.7605006694793701,3.5924899578094482
foxy.png,foxy.jpeg2000.4.png,0.5679105520248413,6.48134171962738
foxy.png,foxy.jpeg2000.5.png,0.4122452139854431,8.816321790218353
geckos.png,geckos.AWGN.1.png,0.9910149574279785,0.13477563858032227
geckos.png,geckos.AWGN.2.png,0.9686115980148315,0.47082602977752686
geckos.png,geckos.AWGN.3.png,0.9145314693450928,1.2820279598236084
geckos.png,geckos.AWGN.4.png,0.8452742099761963,2.3208868503570557
geckos.png,geckos.AWGN.5.png,0.7483086585998535,3.7753701210021973
geckos.png,geckos.BLUR.1.png,0.9933634996414185,0.09954750537872314
geckos.png,geckos.BLUR.2.png,0.9737609028816223,0.3935864567756653
geckos.png,geckos.BLUR.3.png,0.9122061729431152,1.3169074058532715
geckos.png,geckos.BLUR.4.png,0.7604742050170898,3.5928869247436523
geckos.png,geckos.BLUR.5.png,0.44464313983917236,8.330352902412415
geckos.png,geckos.JPEG.1.png,0.9736585021018982,0.3951224684715271
geckos.png,geckos.JPEG.2.png,0.9163469076156616,1.2547963857650757
geckos.png,geckos.JPEG.3.png,0.7690509557723999,3.4642356634140015
geckos.png,geckos.JPEG.4.png,0.517723798751831,7.234143018722534
geckos.png,geckos.JPEG.5.png,0.30059880018234253,10.491017997264862
geckos.png,geckos.contrast.1.png,0.9929882884025574,0.1051756739616394
geckos.png,geckos.contrast.2.png,0.9676878452301025,0.4846823215484619
geckos.png,geckos.contrast.3.png,0.8975658416748047,1.5365123748779297
geckos.png,geckos.contrast.4.png,0.18861520290374756,12.170771956443787
geckos.png,geckos.contrast.5.png,0.18861520290374756,12.170771956443787
geckos.png,geckos.fnoise.1.png,0.9638965725898743,0.541551411151886
geckos.png,geckos.fnoise.2.png,0.8873977661132812,1.6890335083007812
geckos.png,geckos.fnoise.3.png,0.7636804580688477,3.544793128967285
geckos.png,geckos.fnoise.4.png,0.654120683670044,5.188189744949341
geckos.png,geckos.fnoise.5.png,0.5224748849868774,7.162876725196838
geckos.png,geckos.jpeg2000.1.png,0.9859259724617004,0.2111104130744934
geckos.png,geckos.jpeg2000.2.png,0.9055382013320923,1.4169269800186157
geckos.png,geckos.jpeg2000.3.png,0.7261617183685303,4.107574224472046
geckos.png,geckos.jpeg2000.4.png,0.5409754514694214,6.885368227958679
geckos.png,geckos.jpeg2000.5.png,0.3101038932800293,10.34844160079956
lady_liberty.png,lady_liberty.AWGN.1.png,0.9262118935585022,1.106821596622467
lady_liberty.png,lady_liberty.AWGN.2.png,0.81853848695755,2.7219226956367493
lady_liberty.png,lady_liberty.AWGN.3.png,0.6819161176681519,4.771258234977722
lady_liberty.png,lady_liberty.AWGN.4.png,0.5856820344924927,6.21476948261261
lady_liberty.png,lady_liberty.AWGN.5.png,0.5021002292633057,7.468496561050415
lady_liberty.png,lady_liberty.BLUR.1.png,0.9637554883956909,0.5436676740646362
lady_liberty.png,lady_liberty.BLUR.2.png,0.8633602857589722,2.0495957136154175
lady_liberty.png,lady_liberty.BLUR.3.png,0.6514198184013367,5.22870272397995
lady_liberty.png,lady_liberty.BLUR.4.png,0.3948992192745209,9.076511710882187
lady_liberty.png,lady_liberty.BLUR.5.png,0.199534609913826,12.00698085129261
lady_liberty.png,lady_liberty.JPEG.1.png,0.8681477308273315,1.9777840375900269
lady_liberty.png,lady_liberty.JPEG.2.png,0.6071526408195496,5.892710387706757
lady_liberty.png,lady_liberty.JPEG.3.png,0.4116286635398865,8.825570046901703
lady_liberty.png,lady_liberty.JPEG.4.png,0.32811903953552246,10.078214406967163
lady_liberty.png,lady_liberty.JPEG.5.png,0.2701438367366791,10.947842448949814
lady_liberty.png,lady_liberty.contrast.1.png,0.9878817200660706,0.18177419900894165
lady_liberty.png,lady_liberty.contrast.2.png,0.9496801495552063,0.7547977566719055
lady_liberty.png,lady_liberty.contrast.3.png,0.5370968580245972,6.9435471296310425
lady_liberty.png,lady_liberty.contrast.4.png,0.15265218913555145,12.710217162966728
lady_liberty.png,lady_liberty.contrast.5.png,0.15265218913555145,12.710217162966728
lady_liberty.png,lady_liberty.fnoise.1.png,0.8735395669937134,1.8969064950942993
lady_liberty.png,lady_liberty.fnoise.2.png,0.7356621026992798,3.9650684595108032
lady_liberty.png,lady_liberty.fnoise.3.png,0.624514102935791,5.632288455963135
lady_liberty.png,lady_liberty.fnoise.4.png,0.5256832838058472,7.1147507429122925
lady_liberty.png,lady_liberty.fnoise.5.png,0.4568990170955658,8.146514743566513
lady_liberty.png,lady_liberty.jpeg2000.1.png,0.6749880313873291,4.8751795291900635
lady_liberty.png,lady_liberty.jpeg2000.2.png,0.5049304962158203,7.426042556762695
lady_liberty.png,lady_liberty.jpeg2000.3.png,0.3665972650051117,9.501041024923325
lady_liberty.png,lady_liberty.jpeg2000.4.png,0.26783961057662964,10.982405841350555
lady_liberty.png,lady_liberty.jpeg2000.5.png,0.21203956007957458,11.819406598806381
lake.png,lake.AWGN.1.png,0.9668412208557129,0.49738168716430664
lake.png,lake.AWGN.2.png,0.9148560166358948,1.2771597504615784
lake.png,lake.AWGN.3.png,0.8186666965484619,2.7199995517730713
lake.png,lake.AWGN.4.png,0.71568363904953,4.26474541425705
lake.png,lake.AWGN.5.png,0.6096755266189575,5.854867100715637
lake.png,lake.BLUR.1.png,0.9929893016815186,0.10516047477722168
lake.png,lake.BLUR.2.png,0.9745545983314514,0.38168102502822876
lake.png,lake.BLUR.3.png,0.9170054793357849,1.2449178099632263
lake.png,lake.BLUR.4.png,0.7549667954444885,3.675498068332672
lake.png,lake.BLUR.5.png,0.4091660976409912,8.862508535385132
lake.png,lake.JPEG.1.png,0.9846981763839722,0.22952735424041748
lake.png,lake.JPEG.2.png,0.9287471771240234,1.0687923431396484
lake.png,lake.JPEG.3.png,0.823076605796814,2.6538509130477905
lake.png,lake.JPEG.4.png,0.5582033395767212,6.626949906349182
lake.png,lake.JPEG.5.png,0.27853691577911377,10.821946263313293
lake.png,lake.contrast.1.png,0.993439793586731,0.09840309619903564
lake.png,lake.contrast.2.png,0.9713269472122192,0.4300957918167114
lake.png,lake.contrast.3.png,0.8807727694511414,1.7884084582328796
lake.png,lake.contrast.4.png,0.8442264199256897,2.3366037011146545
lake.png,lake.contrast.5.png,0.8442264199256897,2.3366037011146545
lake.png,lake.fnoise.1.png,0.9244112968444824,1.1338305473327637
lake.png,lake.fnoise.2.png,0.8168352842330933,2.747470736503601
lake.png,lake.fnoise.3.png,0.6868247985839844,4.697628021240234
lake.png,lake.fnoise.4.png,0.5594696402549744,6.6079553961753845
lake.png,lake.fnoise.5.png,0.43966010212898254,8.405098468065262
lake.png,lake.jpeg2000.1.png,0.9520602822303772,0.719095766544342
lake.png,lake.jpeg2000.2.png,0.8648079633712769,2.027880549430847
lake.png,lake.jpeg2000.3.png,0.7068718671798706,4.396921992301941
lake.png,lake.jpeg2000.4.png,0.5071578025817871,7.392632961273193
lake.png,lake.jpeg2000.5.png,0.27491700649261475,10.876244902610779
log_seaside.png,log_seaside.AWGN.1.png,0.9516000747680664,0.7259988784790039
log_seaside.png,log_seaside.AWGN.2.png,0.8831485509872437,1.7527717351913452
log_seaside.png,log_seaside.AWGN.3.png,0.7973467707633972,3.0397984385490417
log_seaside.png,log_seaside.AWGN.4.png,0.7078413367271423,4.382379949092865
log_seaside.png,log_seaside.AWGN.5.png,0.622836709022522,5.65744936466217
log_seaside.png,log_seaside.BLUR.1.png,0.9954816699028015,0.0677749514579773
log_seaside.png,log_seaside.BLUR.2.png,0.9805388450622559,0.2919173240661621
log_seaside.png,log_seaside.BLUR.3.png,0.9493099451065063,0.7603508234024048
log_seaside.png,log_seaside.BLUR.4.png,0.8627276420593262,2.0590853691101074
log_seaside.png,log_seaside.BLUR.5.png,0.6483979225158691,5.274031162261963
log_seaside.png,log_seaside.JPEG.1.png,0.980442225933075,0.29336661100387573
log_seaside.png,log_seaside.JPEG.2.png,0.9323415160179138,1.0148772597312927
log_seaside.png,log_seaside.JPEG.3.png,0.7803948521614075,3.294077217578888
log_seaside.png,log_seaside.JPEG.4.png,0.5776111483573914,6.33583277463913
log_seaside.png,log_seaside.JPEG.5.png,0.3778573274612427,9.33214008808136
log_seaside.png,log_seaside.contrast.1.png,0.9939094185829163,0.0913587212562561
log_seaside.png,log_seaside.contrast.2.png,0.9676443338394165,0.48533499240875244
log_seaside.png,log_seaside.contrast.3.png,0.9128329157829285,1.307506263256073
log_seaside.png,log_seaside.contrast.4.png,0.8921319842338562,1.618020236492157
log_seaside.png,log_seaside.contrast.5.png,0.8921319842338562,1.618020236492157
log_seaside.png,log_seaside.fnoise.1.png,0.866348922252655,2.0047661662101746
log_seaside.png,log_seaside.fnoise.2.png,0.7534902095794678,3.6976468563079834
log_seaside.png,log_seaside.fnoise.3.png,0.6281939744949341,5.577090382575989
log_seaside.png,log_seaside.fnoise.4.png,0.5136322975158691,7.295515537261963
log_seaside.png,log_seaside.fnoise.5.png,0.4083944857120514,8.87408271431923
log_seaside.png,log_seaside.jpeg2000.1.png,0.9030733108520508,1.4539003372192383
log_seaside.png,log_seaside.jpeg2000.2.png,0.81504225730896,2.7743661403656006
log_seaside.png,log_seaside.jpeg2000.3.png,0.6570881605148315,5.143677592277527
log_seaside.png,log_seaside.jpeg2000.4.png,0.47451722621917725,7.882241606712341
log_seaside.png,log_seaside.jpeg2000.5.png,0.34391558170318604,9.84126627445221
monument.png,monument.AWGN.1.png,0.9506090879440308,0.7408636808395386
monument.png,monument.AWGN.2.png,0.8640807867050171,2.0387881994247437
monument.png,monument.AWGN.3.png,0.7603607177734375,3.5945892333984375
monument.png,monument.AWGN.4.png,0.6374046802520752,5.438929796218872
monument.png,monument.AWGN.5.png,0.5351270437240601,6.973094344139099
monument.png,monument.BLUR.1.png,0.9768842458724976,0.3467363119125366
monument.png,monument.BLUR.2.png,0.9305968284606934,1.0410475730895996
monument.png,monument.BLUR.3.png,0.7793682217597961,3.309476673603058
monument.png,monument.BLUR.4.png,0.43228787183761597,8.51568192243576
monument.png,monument.BLUR.5.png,0.23237913846969604,11.51431292295456
monument.png,monument.JPEG.1.png,0.9463204145431519,0.8051937818527222
monument.png,monument.JPEG.2.png,0.7500588893890381,3.7491166591644287
monument.png,monument.JPEG.3.png,0.512945294380188,7.30582058429718
monument.png,monument.JPEG.4.png,0.3510758578777313,9.73386213183403
monument.png,monument.JPEG.5.png,0.22631317377090454,11.605302393436432
monument.png,monument.contrast.1.png,0.9942865371704102,0.08570194244384766
monument.png,monument.contrast.2.png,0.9782576560974121,0.32613515853881836
monument.png,monument.contrast.3.png,0.9314658641815186,1.0280120372772217
monument.png,monument.contrast.4.png,0.9148297309875488,1.2775540351867676
monument.png,monument.contrast.5.png,0.9148297309875488,1.2775540351867676
monument.png,monument.fnoise.1.png,0.8661085367202759,2.008371949195862
monument.png,monument.fnoise.2.png,0.738306999206543,3.9253950119018555
monument.png,monument.fnoise.3.png,0.6123511791229248,5.814732313156128
monument.png,monument.fnoise.4.png,0.48900288343429565,7.664956748485565
monument.png,monument.fnoise.5.png,0.38192737102508545,9.271089434623718
monument.png,monument.jpeg2000.1.png,0.8522489070892334,2.216266393661499
monument.png,monument.jpeg2000.2.png,0.6513042449951172,5.230436325073242
monument.png,monument.jpeg2000.3.png,0.4420158863067627,8.36976170539856
monument.png,monument.jpeg2000.4.png,0.25777673721313477,11.133348941802979
monument.png,monument.jpeg2000.5.png,0.16945858299732208,12.458121255040169
native_american.png,native_american.AWGN.1.png,0.9640684127807617,0.5389738082885742
native_american.png,native_american.AWGN.2.png,0.8929803967475891,1.6052940487861633
native_american.png,native_american.AWGN.3.png,0.7795403003692627,3.3068954944610596
native_american.png,native_american.AWGN.4.png,0.6419304609298706,5.371043086051941
native_american.png,native_american.AWGN.5.png,0.5318052768707275,7.022920846939087
native_american.png,native_american.BLUR.1.png,0.971631646156311,0.4255253076553345
native_american.png,native_american.BLUR.2.png,0.8988863825798035,1.516704261302948
native_american.png,native_american.BLUR.3.png,0.6565593481063843,5.151609778404236
native_american.png,native_american.BLUR.4.png,0.3342248201370239,9.986627697944641
native_american.png,native_american.BLUR.5.png,0.1808864325284958,12.286703512072563
native_american.png,native_american.JPEG.1.png,0.9749564528465271,0.3756532073020935
native_american.png,native_american.JPEG.2.png,0.8172163963317871,2.7417540550231934
native_american.png,native_american.JPEG.3.png,0.509269118309021,7.360963225364685
native_american.png,native_american.JPEG.4.png,0.2551102340221405,11.173346489667892
native_american.png,native_american.JPEG.5.png,0.17043961584568024,12.443405762314796
native_american.png,native_american.contrast.1.png,0.9941087365150452,0.08836895227432251
native_american.png,native_american.contrast.2.png,0.9763245582580566,0.3551316261291504
native_american.png,native_american.contrast.3.png,0.9388376474380493,0.9174352884292603
native_american.png,native_american.contrast.4.png,0.92071533203125,1.18927001953125
native_american.png,native_american.contrast.5.png,0.92071533203125,1.18927001953125
native_american.png,native_american.fnoise.1.png,0.9130983352661133,1.3035249710083008
native_american.png,native_american.fnoise.2.png,0.7992144227027893,3.0117836594581604
native_american.png,native_american.fnoise.3.png,0.6271975040435791,5.5920374393463135
native_american.png,native_american.fnoise.4.png,0.48072049021720886,7.789192646741867
native_american.png,native_american.fnoise.5.png,0.3549652397632599,9.675521403551102
native_american.png,native_american.jpeg2000.1.png,0.8857625722885132,1.7135614156723022
native_american.png,native_american.jpeg2000.2.png,0.6634940505027771,5.0475892424583435
native_american.png,native_american.jpeg2000.3.png,0.42103224992752075,8.684516251087189
native_american.png,native_american.jpeg2000.4.png,0.26280227303504944,11.057965904474258
native_american.png,native_american.jpeg2000.5.png,0.155953511595726,12.66069732606411
redwood.png,redwood.AWGN.1.png,0.9465287327766418,0.8020690083503723
redwood.png,redwood.AWGN.2.png,0.854475200176239,2.182871997356415
redwood.png,redwood.AWGN.3.png,0.7167007923126221,4.249488115310669
redwood.png,redwood.AWGN.4.png,0.5933206081390381,6.100190877914429
redwood.png,redwood.AWGN.5.png,0.48840516805648804,7.673922479152679
redwood.png,redwood.BLUR.1.png,0.9861174821853638,0.20823776721954346
redwood.png,redwood.BLUR.2.png,0.9461037516593933,0.8084437251091003
redwood.png,redwood.BLUR.3.png,0.8320391774177551,2.519412338733673
redwood.png,redwood.BLUR.4.png,0.5068536400794983,7.397195398807526
redwood.png,redwood.BLUR.5.png,0.16257482767105103,12.561377584934235
redwood.png,redwood.JPEG.1.png,0.9286797046661377,1.0698044300079346
redwood.png,redwood.JPEG.2.png,0.8031114339828491,2.953328490257263
redwood.png,redwood.JPEG.3.png,0.5511319637298584,6.733020544052124
redwood.png,redwood.JPEG.4.png,0.3255406320095062,10.116890519857407
redwood.png,redwood.JPEG.5.png,0.21679289638996124,11.748106554150581
redwood.png,redwood.contrast.1.png,0.9926282167434692,0.11057674884796143
redwood.png,redwood.contrast.2.png,0.9695614576339722,0.4565781354904175
redwood.png,redwood.contrast.3.png,0.8856463432312012,1.7153048515319824
redwood.png,redwood.contrast.4.png,0.8519123792648315,2.221314311027527
redwood.png,redwood.contrast.5.png,0.8519123792648315,2.221314311027527
redwood.png,redwood.fnoise.1.png,0.8460776209831238,2.3088356852531433
redwood.png,redwood.fnoise.2.png,0.7044268846511841,4.433596730232239
redwood.png,redwood.fnoise.3.png,0.5756182670593262,6.365725994110107
redwood.png,redwood.fnoise.4.png,0.4415217936038971,8.377173095941544
redwood.png,redwood.fnoise.5.png,0.3513815999031067,9.7292760014534
redwood.png,redwood.jpeg2000.1.png,0.8329373002052307,2.5059404969215393
redwood.png,redwood.jpeg2000.2.png,0.6811827421188354,4.782258868217468
redwood.png,redwood.jpeg2000.3.png,0.47329047322273254,7.900642901659012
redwood.png,redwood.jpeg2000.4.png,0.2783909738063812,10.824135392904282
redwood.png,redwood.jpeg2000.5.png,0.1543666422367096,12.684500366449356
roping.png,roping.AWGN.1.png,0.9181239604949951,1.2281405925750732
roping.png,roping.AWGN.2.png,0.8414053916931152,2.3789191246032715
roping.png,roping.AWGN.3.png,0.7266536951065063,4.100194573402405
roping.png,roping.AWGN.4.png,0.6171602010726929,5.742596983909607
roping.png,roping.AWGN.5.png,0.5256925821304321,7.114611268043518
roping.png,roping.BLUR.1.png,0.979743242263794,0.3038513660430908
roping.png,roping.BLUR.2.png,0.9284837245941162,1.0727441310882568
roping.png,roping.BLUR.3.png,0.7664666175842285,3.5030007362365723
roping.png,roping.BLUR.4.png,0.4431704878807068,8.352442681789398
roping.png,roping.BLUR.5.png,0.20339852571487427,11.949022114276886
roping.png,roping.JPEG.1.png,0.9810117483139038,0.28482377529144287
roping.png,roping.JPEG.2.png,0.888498842716217,1.6725173592567444
roping.png,roping.JPEG.3.png,0.618826150894165,5.717607736587524
roping.png,roping.JPEG.4.png,0.38479891419410706,9.228016287088394
roping.png,roping.JPEG.5.png,0.2346632480621338,11.480051279067993
roping.png,roping.contrast.1.png,0.9940352439880371,0.08947134017944336
roping.png,roping.contrast.2.png,0.9749020338058472,0.3764694929122925
roping.png,roping.contrast.3.png,0.9114834070205688,1.3277488946914673
roping.png,roping.contrast.4.png,0.8844589591026306,1.7331156134605408
roping.png,roping.contrast.5.png,0.8844589591026306,1.7331156134605408
roping.png,roping.fnoise.1.png,0.8459609746932983,2.310585379600525
roping.png,roping.fnoise.2.png,0.7256087064743042,4.115869402885437
roping.png,roping.fnoise.3.png,0.6076631546020508,5.885052680969238
roping.png,roping.fnoise.4.png,0.4769689440727234,7.845465838909149
roping.png,roping.fnoise.5.png,0.34800150990486145,9.779977351427078
roping.png,roping.jpeg2000.1.png,0.9095727205276489,1.3564091920852661
roping.png,roping.jpeg2000.2.png,0.7465535402297974,3.8016968965530396
roping.png,roping.jpeg2000.3.png,0.5267989635467529,7.098015546798706
roping.png,roping.jpeg2000.4.png,0.310485303401947,10.342720448970795
roping.png,roping.jpeg2000.5.png,0.14834660291671753,12.774800956249237
rushmore.png,rushmore.AWGN.1.png,0.970156192779541,0.44765710830688477
rushmore.png,rushmore.AWGN.2.png,0.9080700874328613,1.37894868850708
rushmore.png,rushmore.AWGN.3.png,0.8156023621559143,2.7659645676612854
rushmore.png,rushmore.AWGN.4.png,0.7086206674575806,4.3706899881362915
rushmore.png,rushmore.AWGN.5.png,0.6075884699821472,5.886172950267792
rushmore.png,rushmore.BLUR.1.png,0.9905369877815247,0.14194518327713013
rushmore.png,rushmore.BLUR.2.png,0.9677940011024475,0.48308998346328735
rushmore.png,rushmore.BLUR.3.png,0.9110996723175049,1.3335049152374268
rushmore.png,rushmore.BLUR.4.png,0.7691543698310852,3.462684452533722
rushmore.png,rushmore.BLUR.5.png,0.4582024812698364,8.126962780952454
rushmore.png,rushmore.JPEG.1.png,0.9793106317520142,0.3103405237197876
rushmore.png,rushmore.JPEG.2.png,0.8935796618461609,1.5963050723075867
rushmore.png,rushmore.JPEG.3.png,0.754353404045105,3.6846989393234253
rushmore.png,rushmore.JPEG.4.png,0.5076208710670471,7.385686933994293
rushmore.png,rushmore.JPEG.5.png,0.3882536292076111,9.176195561885834
rushmore.png,rushmore.contrast.1.png,0.9934394359588623,0.09840846061706543
rushmore.png,rushmore.contrast.2.png,0.9747863411903381,0.378204882144928
rushmore.png,rushmore.contrast.3.png,0.9148385524749756,1.2774217128753662
rushmore.png,rushmore.contrast.4.png,0.887491762638092,1.6876235604286194
rushmore.png,rushmore.contrast.5.png,0.887491762638092,1.6876235604286194
rushmore.png,rushmore.fnoise.1.png,0.8622424602508545,2.0663630962371826
rushmore.png,rushmore.fnoise.2.png,0.7306921482086182,4.0396177768707275
rushmore.png,rushmore.fnoise.3.png,0.5956616401672363,6.065075397491455
rushmore.png,rushmore.fnoise.4.png,0.48438891768455505,7.734166234731674
rushmore.png,rushmore.fnoise.5.png,0.41269105672836304,8.809634149074554
rushmore.png,rushmore.jpeg2000.1.png,0.8764251470565796,1.8536227941513062
rushmore.png,rushmore.jpeg2000.2.png,0.7450559139251709,3.8241612911224365
rushmore.png,rushmore.jpeg2000.3.png,0.5889694094657898,6.165458858013153
rushmore.png,rushmore.jpeg2000.4.png,0.4401540756225586,8.397688865661621
rushmore.png,rushmore.jpeg2000.5.png,0.28813132643699646,10.678030103445053
shroom.png,shroom.AWGN.1.png,0.9625955820083618,0.5610662698745728
shroom.png,shroom.AWGN.2.png,0.9021722078323364,1.4674168825149536
shroom.png,shroom.AWGN.3.png,0.8158316016197205,2.762525975704193
shroom.png,shroom.AWGN.4.png,0.7073781490325928,4.389327764511108
shroom.png,shroom.AWGN.5.png,0.6084429025650024,5.873356461524963
shroom.png,shroom.BLUR.1.png,0.9667099714279175,0.4993504285812378
shroom.png,shroom.BLUR.2.png,0.862019419670105,2.0697087049484253
shroom.png,shroom.BLUR.3.png,0.674796462059021,4.878053069114685
shroom.png,shroom.BLUR.4.png,0.4723481237888336,7.914778143167496
shroom.png,shroom.BLUR.5.png,0.2749174237251282,10.876238644123077
shroom.png,shroom.JPEG.1.png,0.9710592031478882,0.43411195278167725
shroom.png,shroom.JPEG.2.png,0.8286768794059753,2.56984680891037
shroom.png,shroom.JPEG.3.png,0.5780364871025085,6.329452693462372
shroom.png,shroom.JPEG.4.png,0.3762739300727844,9.355891048908234
shroom.png,shroom.JPEG.5.png,0.2423238307237625,11.365142539143562
shroom.png,shroom.contrast.1.png,0.9939712285995483,0.0904315710067749
shroom.png,shroom.contrast.2.png,0.9758107662200928,0.3628385066986084
shroom.png,shroom.contrast.3.png,0.8992119431495667,1.5118208527565002
shroom.png,shroom.contrast.4.png,0.8644171357154846,2.0337429642677307
shroom.png,shroom.contrast.5.png,0.8644171357154846,2.0337429642677307
shroom.png,shroom.fnoise.1.png,0.9566749334335327,0.6498759984970093
shroom.png,shroom.fnoise.2.png,0.8664945363998413,2.0025819540023804
shroom.png,shroom.fnoise.3.png,0.7341300249099731,3.988049626350403
shroom.png,shroom.fnoise.4.png,0.5812881588935852,6.280677616596222
shroom.png,shroom.fnoise.5.png,0.4678184986114502,7.982722520828247
shroom.png,shroom.jpeg2000.1.png,0.9556260108947754,0.6656098365783691
shroom.png,shroom.jpeg2000.2.png,0.7231185436248779,4.153221845626831
shroom.png,shroom.jpeg2000.3.png,0.4861307442188263,7.708038836717606
shroom.png,shroom.jpeg2000.4.png,0.3056313395500183,10.415529906749725
shroom.png,shroom.jpeg2000.5.png,0.17997652292251587,12.300352156162262
snow_leaves.png,snow_leaves.AWGN.1.png,0.9152812957763672,1.2707805633544922
snow_leaves.png,snow_leaves.AWGN.2.png,0.8229348659515381,2.6559770107269287
snow_leaves.png,snow_leaves.AWGN.3.png,0.725307822227478,4.12038266658783
snow_leaves.png,snow_leaves.AWGN.4.png,0.6275641918182373,5.58653712272644
snow_leaves.png,snow_leaves.AWGN.5.png,0.5315329432487488,7.027005851268768
snow_leaves.png,snow_leaves.BLUR.1.png,0.9852821826934814,0.22076725959777832
snow_leaves.png,snow_leaves.BLUR.2.png,0.9425172805786133,0.8622407913208008
snow_leaves.png,snow_leaves.BLUR.3.png,0.7947327494621277,3.0790087580680847
snow_leaves.png,snow_leaves.BLUR.4.png,0.5392605662345886,6.911091506481171
snow_leaves.png,snow_leaves.BLUR.5.png,0.3514399528503418,9.728400707244873
snow_leaves.png,snow_leaves.JPEG.1.png,0.9613399505615234,0.5799007415771484
snow_leaves.png,snow_leaves.JPEG.2.png,0.8502123355865479,2.2468149662017822
snow_leaves.png,snow_leaves.JPEG.3.png,0.5942676067352295,6.085985898971558
snow_leaves.png,snow_leaves.JPEG.4.png,0.40551477670669556,8.917278349399567
snow_leaves.png,snow_leaves.JPEG.5.png,0.29517829418182373,10.572325587272644
snow_leaves.png,snow_leaves.contrast.1.png,0.9936231970787048,0.09565204381942749
snow_leaves.png,snow_leaves.contrast.2.png,0.97774338722229,0.3338491916656494
snow_leaves.png,snow_leaves.contrast.3.png,0.9306975603103638,1.0395365953445435
snow_leaves.png,snow_leaves.contrast.4.png,0.9044238328933716,1.4336425065994263
snow_leaves.png,snow_leaves.contrast.5.png,0.9044238328933716,1.4336425065994263
snow_leaves.png,snow_leaves.fnoise.1.png,0.8698791861534119,1.951812207698822
snow_leaves.png,snow_leaves.fnoise.2.png,0.7478269338607788,3.782595992088318
snow_leaves.png,snow_leaves.fnoise.3.png,0.6431542634963989,5.352686047554016
snow_leaves.png,snow_leaves.fnoise.4.png,0.5220016241073608,7.169975638389587
snow_leaves.png,snow_leaves.fnoise.5.png,0.4356394410133362,8.465408384799957
snow_leaves.png,snow_leaves.jpeg2000.1.png,0.9441479444503784,0.8377808332443237
snow_leaves.png,snow_leaves.jpeg2000.2.png,0.7528757452964783,3.706863820552826
snow_leaves.png,snow_leaves.jpeg2000.3.png,0.5656514167785645,6.515228748321533
snow_leaves.png,snow_leaves.jpeg2000.4.png,0.36007702350616455,9.598844647407532
snow_leaves.png,snow_leaves.jpeg2000.5.png,0.22474661469459534,11.62880077958107
sunset_sparrow.png,sunset_sparrow.AWGN.1.png,0.9456329345703125,0.8155059814453125
sunset_sparrow.png,sunset_sparrow.AWGN.2.png,0.8373086452484131,2.4403703212738037
sunset_sparrow.png,sunset_sparrow.AWGN.3.png,0.7177852392196655,4.233221411705017
sunset_sparrow.png,sunset_sparrow.AWGN.4.png,0.6184929609298706,5.722605586051941
sunset_sparrow.png,sunset_sparrow.AWGN.5.png,0.5345942974090576,6.981085538864136
sunset_sparrow.png,sunset_sparrow.BLUR.1.png,0.987564742565155,0.18652886152267456
sunset_sparrow.png,sunset_sparrow.BLUR.2.png,0.9560431241989136,0.6593531370162964
sunset_sparrow.png,sunset_sparrow.BLUR.3.png,0.8470708131790161,2.2939378023147583
sunset_sparrow.png,sunset_sparrow.BLUR.4.png,0.5244319438934326,7.133520841598511
sunset_sparrow.png,sunset_sparrow.BLUR.5.png,0.24957484006881714,11.256377398967743
sunset_sparrow.png,sunset_sparrow.JPEG.1.png,0.9711184501647949,0.43322324752807617
sunset_sparrow.png,sunset_sparrow.JPEG.2.png,0.9427509307861328,0.8587360382080078
sunset_sparrow.png,sunset_sparrow.JPEG.3.png,0.615216076374054,5.771758854389191
sunset_sparrow.png,sunset_sparrow.JPEG.4.png,0.3571437895298004,9.642843157052994
sunset_sparrow.png,sunset_sparrow.JPEG.5.png,0.2660819888114929,11.008770167827606
sunset_sparrow.png,sunset_sparrow.contrast.1.png,0.9941426515579224,0.08786022663116455
sunset_sparrow.png,sunset_sparrow.contrast.2.png,0.9763044714927673,0.35543292760849
sunset_sparrow.png,sunset_sparrow.contrast.3.png,0.9042118191719055,1.4368227124214172
sunset_sparrow.png,sunset_sparrow.contrast.4.png,0.8077073097229004,2.884390354156494
sunset_sparrow.png,sunset_sparrow.contrast.5.png,0.8077073097229004,2.884390354156494
sunset_sparrow.png,sunset_sparrow.fnoise.1.png,0.7879903316497803,3.180145025253296
sunset_sparrow.png,sunset_sparrow.fnoise.2.png,0.6302019953727722,5.546970069408417
sunset_sparrow.png,sunset_sparrow.fnoise.3.png,0.512628972530365,7.310565412044525
sunset_sparrow.png,sunset_sparrow.fnoise.4.png,0.41186749935150146,8.821987509727478
sunset_sparrow.png,sunset_sparrow.fnoise.5.png,0.3490331768989563,9.764502346515656
sunset_sparrow.png,sunset_sparrow.jpeg2000.1.png,0.8086803555488586,2.8697946667671204
sunset_sparrow.png,sunset_sparrow.jpeg2000.2.png,0.6129266619682312,5.806100070476532
sunset_sparrow.png,sunset_sparrow.jpeg2000.3.png,0.44582486152648926,8.312627077102661
sunset_sparrow.png,sunset_sparrow.jpeg2000.4.png,0.33090242743492126,10.036463588476181
sunset_sparrow.png,sunset_sparrow.jpeg2000.5.png,0.19035176932811737,12.14472346007824
sunsetcolor.png,sunsetcolor.AWGN.1.png,0.8739499449729919,1.8907508254051208
sunsetcolor.png,sunsetcolor.AWGN.2.png,0.6998533010482788,4.502200484275818
sunsetcolor.png,sunsetcolor.AWGN.3.png,0.5672038793563843,6.491941809654236
sunsetcolor.png,sunsetcolor.AWGN.4.png,0.47067463397979736,7.9398804903030396
sunsetcolor.png,sunsetcolor.AWGN.5.png,0.41092896461486816,8.836065530776978
sunsetcolor.png,sunsetcolor.BLUR.1.png,0.8751814365386963,1.8722784519195557
sunsetcolor.png,sunsetcolor.BLUR.2.png,0.6229683756828308,5.655474364757538
sunsetcolor.png,sunsetcolor.BLUR.3.png,0.36776459217071533,9.48353111743927
sunsetcolor.png,sunsetcolor.BLUR.4.png,0.2899464964866638,10.650802552700043
sunsetcolor.png,sunsetcolor.BLUR.5.png,0.2810555100440979,10.784167349338531
sunsetcolor.png,sunsetcolor.JPEG.1.png,0.6995996236801147,4.506005644798279
sunsetcolor.png,sunsetcolor.JPEG.2.png,0.43974408507347107,8.403838723897934
sunsetcolor.png,sunsetcolor.JPEG.3.png,0.3512483537197113,9.73127469420433
sunsetcolor.png,sunsetcolor.JPEG.4.png,0.2741652727127075,10.887520909309387
sunsetcolor.png,sunsetcolor.JPEG.5.png,0.2741652727127075,10.887520909309387
sunsetcolor.png,sunsetcolor.contrast.1.png,0.9894559383392334,0.15816092491149902
sunsetcolor.png,sunsetcolor.contrast.2.png,0.9657859802246094,0.5132102966308594
sunsetcolor.png,sunsetcolor.contrast.3.png,0.9014526009559631,1.478210985660553
sunsetcolor.png,sunsetcolor.contrast.4.png,0.86121666431427,2.0817500352859497
sunsetcolor.png,sunsetcolor.contrast.5.png,0.86121666431427,2.0817500352859497
sunsetcolor.png,sunsetcolor.fnoise.1.png,0.6939927339553833,4.5901089906692505
sunsetcolor.png,sunsetcolor.fnoise.2.png,0.49246275424957275,7.613058686256409
sunsetcolor.png,sunsetcolor.fnoise.3.png,0.36240389943122864,9.56394150853157
sunsetcolor.png,sunsetcolor.fnoise.4.png,0.3120441436767578,10.319337844848633
sunsetcolor.png,sunsetcolor.fnoise.5.png,0.24615512788295746,11.307673081755638
sunsetcolor.png,sunsetcolor.jpeg2000.1.png,0.544137716293335,6.837934255599976
sunsetcolor.png,sunsetcolor.jpeg2000.2.png,0.3844531178474426,9.23320323228836
sunsetcolor.png,sunsetcolor.jpeg2000.3.png,0.2717278003692627,10.92408299446106
sunsetcolor.png,sunsetcolor.jpeg2000.4.png,0.20768052339553833,11.884792149066925
sunsetcolor.png,sunsetcolor.jpeg2000.5.png,0.17916227877140045,12.312565818428993
swarm.png,swarm.AWGN.1.png,0.9430942535400391,0.8535861968994141
swarm.png,swarm.AWGN.2.png,0.8442932367324829,2.3356014490127563
swarm.png,swarm.AWGN.3.png,0.7014638185501099,4.478042721748352
swarm.png,swarm.AWGN.4.png,0.5897632241249084,6.153551638126373
swarm.png,swarm.AWGN.5.png,0.48577946424484253,7.713308036327362
swarm.png,swarm.BLUR.1.png,0.9349313974380493,0.9760290384292603
swarm.png,swarm.BLUR.2.png,0.8072534799575806,2.8911978006362915
swarm.png,swarm.BLUR.3.png,0.5836572051048279,6.245141923427582
swarm.png,swarm.BLUR.4.png,0.34894999861717224,9.765750020742416
swarm.png,swarm.BLUR.5.png,0.23090989887714386,11.536351516842842
swarm.png,swarm.JPEG.1.png,0.9201028943061829,1.198456585407257
swarm.png,swarm.JPEG.2.png,0.5866848230361938,6.199727654457092
swarm.png,swarm.JPEG.3.png,0.3390657305717468,9.914014041423798
swarm.png,swarm.JPEG.4.png,0.3217795789241791,10.173306316137314
swarm.png,swarm.JPEG.5.png,0.24007382988929749,11.398892551660538
swarm.png,swarm.contrast.1.png,0.990434467792511,0.1434829831123352
swarm.png,swarm.contrast.2.png,0.959456205368042,0.6081569194793701
swarm.png,swarm.contrast.3.png,0.7379171848297119,3.9312422275543213
swarm.png,swarm.contrast.4.png,0.13917982578277588,12.912302613258362
swarm.png,swarm.contrast.5.png,0.13917982578277588,12.912302613258362
swarm.png,swarm.fnoise.1.png,0.8511984348297119,2.2320234775543213
swarm.png,swarm.fnoise.2.png,0.6692051291465759,4.961923062801361
swarm.png,swarm.fnoise.3.png,0.4988254904747009,7.517617642879486
swarm.png,swarm.fnoise.4.png,0.4118327796459198,8.822508305311203
swarm.png,swarm.fnoise.5.png,0.3313635587692261,10.029546618461609
swarm.png,swarm.jpeg2000.1.png,0.7100023627281189,4.3499645590782166
swarm.png,swarm.jpeg2000.2.png,0.5094597935676575,7.358103096485138
swarm.png,swarm.jpeg2000.3.png,0.3480704426765442,9.778943359851837
swarm.png,swarm.jpeg2000.4.png,0.2578449845314026,11.132325232028961
swarm.png,swarm.jpeg2000.5.png,0.15756189823150635,12.636571526527405
trolley.png,trolley.AWGN.1.png,0.9775043725967407,0.33743441104888916
trolley.png,trolley.AWGN.2.png,0.9276846051216125,1.0847309231758118
trolley.png,trolley.AWGN.3.png,0.8349417448043823,2.475873827934265
trolley.png,trolley.AWGN.4.png,0.7129335403442383,4.305996894836426
trolley.png,trolley.AWGN.5.png,0.6006163358688354,5.990754961967468
trolley.png,trolley.BLUR.1.png,0.9938881397247314,0.09167790412902832
trolley.png,trolley.BLUR.2.png,0.9779033660888672,0.3314495086669922
trolley.png,trolley.BLUR.3.png,0.9306170344352722,1.0407444834709167
trolley.png,trolley.BLUR.4.png,0.8005218505859375,2.9921722412109375
trolley.png,trolley.BLUR.5.png,0.49515289068222046,7.572706639766693
trolley.png,trolley.JPEG.1.png,0.9743189811706543,0.38521528244018555
trolley.png,trolley.JPEG.2.png,0.9108742475509644,1.3368862867355347
trolley.png,trolley.JPEG.3.png,0.7639323472976685,3.541014790534973
trolley.png,trolley.JPEG.4.png,0.48741334676742554,7.688799798488617
trolley.png,trolley.JPEG.5.png,0.3405928909778595,9.891106635332108
trolley.png,trolley.contrast.1.png,0.9924981594085693,0.11252760887145996
trolley.png,trolley.contrast.2.png,0.9684111475944519,0.47383278608322144
trolley.png,trolley.contrast.3.png,0.8774397373199463,1.8384039402008057
trolley.png,trolley.contrast.4.png,0.8238774538040161,2.6418381929397583
trolley.png,trolley.contrast.5.png,0.8238774538040161,2.6418381929397583
trolley.png,trolley.fnoise.1.png,0.934553861618042,0.9816920757293701
trolley.png,trolley.fnoise.2.png,0.8039073348045349,2.9413899779319763
trolley.png,trolley.fnoise.3.png,0.6701449155807495,4.947826266288757
trolley.png,trolley.fnoise.4.png,0.537222146987915,6.941667795181274
trolley.png,trolley.fnoise.5.png,0.4187815189361572,8.718277215957642
trolley.png,trolley.jpeg2000.1.png,0.9519178867340088,0.7212316989898682
trolley.png,trolley.jpeg2000.2.png,0.8162261247634888,2.7566081285476685
trolley.png,trolley.jpeg2000.3.png,0.6259897351264954,5.61015397310257
trolley.png,trolley.jpeg2000.4.png,0.4120491147041321,8.819263279438019
trolley.png,trolley.jpeg2000.5.png,0.2440928965806961,11.338606551289558
turtle.png,turtle.AWGN.1.png,0.9429198503494263,0.856202244758606
turtle.png,turtle.AWGN.2.png,0.8454396724700928,2.3184049129486084
turtle.png,turtle.AWGN.3.png,0.7091847062110901,4.362229406833649
turtle.png,turtle.AWGN.4.png,0.6037861108779907,5.943208336830139
turtle.png,turtle.AWGN.5.png,0.5078592896461487,7.38211065530777
turtle.png,turtle.BLUR.1.png,0.9440004825592041,0.8399927616119385
turtle.png,turtle.BLUR.2.png,0.8172218799591064,2.7416718006134033
turtle.png,turtle.BLUR.3.png,0.647476315498352,5.287855267524719
turtle.png,turtle.BLUR.4.png,0.4362986981868744,8.455519527196884
turtle.png,turtle.BLUR.5.png,0.2758895754814148,10.861656367778778
turtle.png,turtle.JPEG.1.png,0.9398429989814758,0.9023550152778625
turtle.png,turtle.JPEG.2.png,0.6894909143447876,4.657636284828186
turtle.png,turtle.JPEG.3.png,0.44394010305404663,8.3408984541893
turtle.png,turtle.JPEG.4.png,0.3348063826560974,9.977904260158539
turtle.png,turtle.JPEG.5.png,0.2878813147544861,10.681780278682709
turtle.png,turtle.contrast.1.png,0.9944601058959961,0.0830984115600586
turtle.png,turtle.contrast.2.png,0.976168692111969,0.3574696183204651
turtle.png,turtle.contrast.3.png,0.9055562615394592,1.4166560769081116
turtle.png,turtle.contrast.4.png,0.8187339901924133,2.7189901471138
turtle.png,turtle.contrast.5.png,0.8187339901924133,2.7189901471138
turtle.png,turtle.fnoise.1.png,0.8787856698036194,1.8182149529457092
turtle.png,turtle.fnoise.2.png,0.7270742058753967,4.093886911869049
turtle.png,turtle.fnoise.3.png,0.5740522146224976,6.389216780662537
turtle.png,turtle.fnoise.4.png,0.4792211055755615,7.811683416366577
turtle.png,turtle.fnoise.5.png,0.40053534507751465,8.99196982383728
turtle.png,turtle.jpeg2000.1.png,0.7631025910377502,3.5534611344337463
turtle.png,turtle.jpeg2000.2.png,0.6042693853378296,5.935959219932556
turtle.png,turtle.jpeg2000.3.png,0.46683675050735474,7.997448742389679
turtle.png,turtle.jpeg2000.4.png,0.3281489610671997,10.077765583992004
turtle.png,turtle.jpeg2000.5.png,0.24838699400424957,11.274195089936256
veggies.png,veggies.AWGN.1.png,0.9153405427932739,1.2698918581008911
veggies.png,veggies.AWGN.2.png,0.854093074798584,2.1886038780212402
veggies.png,veggies.AWGN.3.png,0.7684641480445862,3.4730377793312073
veggies.png,veggies.AWGN.4.png,0.6823338270187378,4.764992594718933
veggies.png,veggies.AWGN.5.png,0.5891852378845215,6.162221431732178
veggies.png,veggies.BLUR.1.png,0.9888855218887329,0.16671717166900635
veggies.png,veggies.BLUR.2.png,0.9572532176971436,0.6412017345428467
veggies.png,veggies.BLUR.3.png,0.8426536321640015,2.360195517539978
veggies.png,veggies.BLUR.4.png,0.6070845127105713,5.893732309341431
veggies.png,veggies.BLUR.5.png,0.3249090909957886,10.126363635063171
veggies.png,veggies.JPEG.1.png,0.9834476113319397,0.24828583002090454
veggies.png,veggies.JPEG.2.png,0.917887806892395,1.2316828966140747
veggies.png,veggies.JPEG.3.png,0.7361829280853271,3.9572560787200928
veggies.png,veggies.JPEG.4.png,0.41280096769332886,8.807985484600067
veggies.png,veggies.JPEG.5.png,0.2814146876335144,10.778779685497284
veggies.png,veggies.contrast.1.png,0.9944784045219421,0.08282393217086792
veggies.png,veggies.contrast.2.png,0.9734167456626892,0.39874881505966187
veggies.png,veggies.contrast.3.png,0.9151030778884888,1.2734538316726685
veggies.png,veggies.contrast.4.png,0.8914992809295654,1.6275107860565186
veggies.png,veggies.contrast.5.png,0.8914992809295654,1.6275107860565186
veggies.png,veggies.fnoise.1.png,0.8761938214302063,1.8570926785469055
veggies.png,veggies.fnoise.2.png,0.7777352333068848,3.3339715003967285
veggies.png,veggies.fnoise.3.png,0.6846778392791748,4.729832410812378
veggies.png,veggies.fnoise.4.png,0.5566692352294922,6.649961471557617
veggies.png,veggies.fnoise.5.png,0.4412044286727905,8.381933569908142
veggies.png,veggies.jpeg2000.1.png,0.9489051103591919,0.7664233446121216
veggies.png,veggies.jpeg2000.2.png,0.8146487474441528,2.7802687883377075
veggies.png,veggies.jpeg2000.3.png,0.6304126977920532,5.543809533119202
veggies.png,veggies.jpeg2000.4.png,0.3934617042541504,9.098074436187744
veggies.png,veggies.jpeg2000.5.png,0.21517759561538696,11.772336065769196
woman.png,woman.AWGN.1.png,0.9766730070114136,0.3499048948287964
woman.png,woman.AWGN.2.png,0.9185251593589783,1.222122609615326
woman.png,woman.AWGN.3.png,0.8100475668907166,2.8492864966392517
woman.png,woman.AWGN.4.png,0.6679284572601318,4.9810731410980225
woman.png,woman.AWGN.5.png,0.5342850685119629,6.985723972320557
woman.png,woman.BLUR.1.png,0.9813792705535889,0.279310941696167
woman.png,woman.BLUR.2.png,0.9267275333404541,1.0990869998931885
woman.png,woman.BLUR.3.png,0.761054515838623,3.5841822624206543
woman.png,woman.BLUR.4.png,0.42592236399650574,8.611164540052414
woman.png,woman.BLUR.5.png,0.14205774664878845,12.869133800268173
woman.png,woman.JPEG.1.png,0.9750706553459167,0.3739401698112488
woman.png,woman.JPEG.2.png,0.8805443644523621,1.791834533214569
woman.png,woman.JPEG.3.png,0.5652033686637878,6.521949470043182
woman.png,woman.JPEG.4.png,0.32420167326927185,10.136974900960922
woman.png,woman.JPEG.5.png,0.16401341557502747,12.539798766374588
woman.png,woman.contrast.1.png,0.9938022494316101,0.09296625852584839
woman.png,woman.contrast.2.png,0.9730746746063232,0.40387988090515137
woman.png,woman.contrast.3.png,0.8966513276100159,1.550230085849762
woman.png,woman.contrast.4.png,0.8408255577087402,2.3876166343688965
woman.png,woman.contrast.5.png,0.8408255577087402,2.3876166343688965
woman.png,woman.fnoise.1.png,0.9335047006607056,0.9974294900894165
woman.png,woman.fnoise.2.png,0.8319637775421143,2.520543336868286
woman.png,woman.fnoise.3.png,0.678359866142273,4.824602007865906
woman.png,woman.fnoise.4.png,0.5118160843849182,7.322758734226227
woman.png,woman.fnoise.5.png,0.35887402296066284,9.616889655590057
woman.png,woman.jpeg2000.1.png,0.9287163019180298,1.0692554712295532
woman.png,woman.jpeg2000.2.png,0.764507532119751,3.5323870182037354
woman.png,woman.jpeg2000.3.png,0.4864679276943207,7.70298108458519
woman.png,woman.jpeg2000.4.png,0.2605946660041809,11.091080009937286
woman.png,woman.jpeg2000.5.png,0.1338982880115509,12.991525679826736
